model,data,auc,acc,rec,prec,f1
dt,test,0.6803120721279289,0.801277501774308,0.42245989304812837,0.7117117117117117,0.5302013422818792
lr,test,0.7774083546462063,0.7281760113555713,0.8823529411764706,0.49327354260089684,0.632790028763183
rf,test,0.7720388023457078,0.7466288147622427,0.8262032085561497,0.5141430948419301,0.6338461538461538
xg,test,0.7901715363352192,0.7707594038325053,0.8315508021390374,0.5446584938704028,0.6582010582010581
